-- phpMyAdmin SQL Dump
-- version 5.2.1
-- https://www.phpmyadmin.net/
--
-- Host: localhost:3306
-- Generation Time: Dec 26, 2024 at 01:23 PM
-- Server version: 10.6.20-MariaDB-cll-lve-log
-- PHP Version: 8.3.14

SET SQL_MODE = "NO_AUTO_VALUE_ON_ZERO";
START TRANSACTION;
SET time_zone = "+00:00";


/*!40101 SET @OLD_CHARACTER_SET_CLIENT=@@CHARACTER_SET_CLIENT */;
/*!40101 SET @OLD_CHARACTER_SET_RESULTS=@@CHARACTER_SET_RESULTS */;
/*!40101 SET @OLD_COLLATION_CONNECTION=@@COLLATION_CONNECTION */;
/*!40101 SET NAMES utf8mb4 */;

--
-- Database: `jonotarmot_web_poll`
--

-- --------------------------------------------------------

--
-- Table structure for table `admins`
--

CREATE TABLE `admins` (
  `id` bigint(20) UNSIGNED NOT NULL,
  `user_id` bigint(20) UNSIGNED NOT NULL,
  `email` varchar(255) NOT NULL,
  `email_verified_at` timestamp NULL DEFAULT NULL,
  `password` varchar(255) NOT NULL,
  `role` varchar(255) NOT NULL,
  `is_verified` varchar(255) NOT NULL DEFAULT '0',
  `remember_token` varchar(100) DEFAULT NULL,
  `created_at` timestamp NULL DEFAULT NULL,
  `updated_at` timestamp NULL DEFAULT NULL
) ENGINE=InnoDB DEFAULT CHARSET=utf8mb4 COLLATE=utf8mb4_unicode_ci;

--
-- Dumping data for table `admins`
--

INSERT INTO `admins` (`id`, `user_id`, `email`, `email_verified_at`, `password`, `role`, `is_verified`, `remember_token`, `created_at`, `updated_at`) VALUES
(44, 1, 'effety@gmail.com', NULL, '$2y$12$55blkbClgumaBIrng5mTN.XmzdxSx0wuaMSrIGRzP5A.dDJq/B1Km', 'user', '1', NULL, '2024-05-01 13:12:24', '2024-05-01 13:12:40'),
(45, 2, 'effety1@gmail.com', NULL, '$2y$12$Im5pMe12xRMdYyYWVuc/R.9uzzILN2Vw2BWVGB7xQ/LhWWXSAZ3Qm', 'user', '1', NULL, '2024-05-01 13:13:18', '2024-05-01 13:13:25'),
(46, 3, 'effety111@gmail.com', NULL, '$2y$12$yVONmkQIhnv3foVH67Sr8OshrwyKHfRKiTpo0SAzI6pgVk5hvhOKC', 'user', '1', NULL, '2024-05-01 17:48:47', '2024-05-01 17:49:03'),
(47, 4, 'admin@gmail.com', NULL, '$2y$12$pkToOFRwAEBIJYWCjqLrkuj.XxqAN/GaGUZSWydgWxtGZUA0IP.3O', 'admin', '1', NULL, '2024-05-03 04:35:54', '2024-05-03 04:35:54'),
(48, 5, 'effet222y@gmail.com', NULL, '$2y$12$I8pMYLWEHBFY/SyvERz7A.YkRyDrJWmkz9z/AcjgE889ohIfp6gia', 'user', '0', NULL, '2024-05-19 02:57:50', '2024-05-19 02:57:50');

-- --------------------------------------------------------

--
-- Table structure for table `countries`
--

CREATE TABLE `countries` (
  `id` bigint(20) UNSIGNED NOT NULL,
  `name` varchar(255) NOT NULL,
  `status` smallint(6) NOT NULL,
  `created_at` timestamp NULL DEFAULT NULL,
  `updated_at` timestamp NULL DEFAULT NULL
) ENGINE=InnoDB DEFAULT CHARSET=utf8mb4 COLLATE=utf8mb4_unicode_ci;

--
-- Dumping data for table `countries`
--

INSERT INTO `countries` (`id`, `name`, `status`, `created_at`, `updated_at`) VALUES
(1, 'Afghanistan', 1, '0000-00-00 00:00:00', '0000-00-00 00:00:00'),
(2, 'Åland Islands', 1, '0000-00-00 00:00:00', '0000-00-00 00:00:00'),
(3, 'Albania', 1, '0000-00-00 00:00:00', '0000-00-00 00:00:00'),
(4, 'Algeria', 1, '0000-00-00 00:00:00', '0000-00-00 00:00:00'),
(5, 'American Samoa', 1, '0000-00-00 00:00:00', '0000-00-00 00:00:00'),
(6, 'AndorrA', 1, '0000-00-00 00:00:00', '0000-00-00 00:00:00'),
(7, 'Angola', 1, '0000-00-00 00:00:00', '0000-00-00 00:00:00'),
(8, 'Anguilla', 1, '0000-00-00 00:00:00', '0000-00-00 00:00:00'),
(9, 'Antarctica', 1, '0000-00-00 00:00:00', '0000-00-00 00:00:00'),
(10, 'Antigua and Barbuda', 1, '0000-00-00 00:00:00', '0000-00-00 00:00:00'),
(11, 'Argentina', 1, '0000-00-00 00:00:00', '0000-00-00 00:00:00'),
(12, 'Armenia', 1, '0000-00-00 00:00:00', '0000-00-00 00:00:00'),
(13, 'Aruba', 1, '0000-00-00 00:00:00', '0000-00-00 00:00:00'),
(14, 'Australia', 1, '0000-00-00 00:00:00', '0000-00-00 00:00:00'),
(15, 'Austria', 1, '0000-00-00 00:00:00', '0000-00-00 00:00:00'),
(16, 'Azerbaijan', 1, '0000-00-00 00:00:00', '0000-00-00 00:00:00'),
(17, 'Bahamas', 1, '0000-00-00 00:00:00', '0000-00-00 00:00:00'),
(18, 'Bahrain', 1, '0000-00-00 00:00:00', '0000-00-00 00:00:00'),
(19, 'Bangladesh', 1, '0000-00-00 00:00:00', '0000-00-00 00:00:00'),
(20, 'Barbados', 1, '0000-00-00 00:00:00', '0000-00-00 00:00:00'),
(21, 'Belarus', 1, '0000-00-00 00:00:00', '0000-00-00 00:00:00'),
(22, 'Belgium', 1, '0000-00-00 00:00:00', '0000-00-00 00:00:00'),
(23, 'Belize', 1, '0000-00-00 00:00:00', '0000-00-00 00:00:00'),
(24, 'Benin', 1, '0000-00-00 00:00:00', '0000-00-00 00:00:00'),
(25, 'Bermuda', 1, '0000-00-00 00:00:00', '0000-00-00 00:00:00'),
(26, 'Bhutan', 1, '0000-00-00 00:00:00', '0000-00-00 00:00:00'),
(27, 'Bolivia', 1, '0000-00-00 00:00:00', '0000-00-00 00:00:00'),
(28, 'Bosnia and Herzegovina', 1, '0000-00-00 00:00:00', '0000-00-00 00:00:00'),
(29, 'Botswana', 1, '0000-00-00 00:00:00', '0000-00-00 00:00:00'),
(30, 'Bouvet Island', 1, '0000-00-00 00:00:00', '0000-00-00 00:00:00'),
(31, 'Brazil', 1, '0000-00-00 00:00:00', '0000-00-00 00:00:00'),
(32, 'British Indian Ocean Territory', 1, '0000-00-00 00:00:00', '0000-00-00 00:00:00'),
(33, 'Brunei Darussalam', 1, '0000-00-00 00:00:00', '0000-00-00 00:00:00'),
(34, 'Bulgaria', 1, '0000-00-00 00:00:00', '0000-00-00 00:00:00'),
(35, 'Burkina Faso', 1, '0000-00-00 00:00:00', '0000-00-00 00:00:00'),
(36, 'Burundi', 1, '0000-00-00 00:00:00', '0000-00-00 00:00:00'),
(37, 'Cambodia', 1, '0000-00-00 00:00:00', '0000-00-00 00:00:00'),
(38, 'Cameroon', 1, '0000-00-00 00:00:00', '0000-00-00 00:00:00'),
(39, 'Canada', 1, '0000-00-00 00:00:00', '0000-00-00 00:00:00'),
(40, 'Cape Verde', 1, '0000-00-00 00:00:00', '0000-00-00 00:00:00'),
(41, 'Cayman Islands', 1, '0000-00-00 00:00:00', '0000-00-00 00:00:00'),
(42, 'Central African Republic', 1, '0000-00-00 00:00:00', '0000-00-00 00:00:00'),
(43, 'Chad', 1, '0000-00-00 00:00:00', '0000-00-00 00:00:00'),
(44, 'Chile', 1, '0000-00-00 00:00:00', '0000-00-00 00:00:00'),
(45, 'China', 1, '0000-00-00 00:00:00', '0000-00-00 00:00:00'),
(46, 'Christmas Island', 1, '0000-00-00 00:00:00', '0000-00-00 00:00:00'),
(47, 'Cocos (Keeling) Islands', 1, '0000-00-00 00:00:00', '0000-00-00 00:00:00'),
(48, 'Colombia', 1, '0000-00-00 00:00:00', '0000-00-00 00:00:00'),
(49, 'Comoros', 1, '0000-00-00 00:00:00', '0000-00-00 00:00:00'),
(50, 'Congo', 1, '0000-00-00 00:00:00', '0000-00-00 00:00:00'),
(51, 'Congo, The Democratic Republic of the', 1, '0000-00-00 00:00:00', '0000-00-00 00:00:00'),
(52, 'Cook Islands', 1, '0000-00-00 00:00:00', '0000-00-00 00:00:00'),
(53, 'Costa Rica', 1, '0000-00-00 00:00:00', '0000-00-00 00:00:00'),
(54, 'Cote D\'Ivoire', 1, '0000-00-00 00:00:00', '0000-00-00 00:00:00'),
(55, 'Croatia', 1, '0000-00-00 00:00:00', '0000-00-00 00:00:00'),
(56, 'Cuba', 1, '0000-00-00 00:00:00', '0000-00-00 00:00:00'),
(57, 'Cyprus', 1, '0000-00-00 00:00:00', '0000-00-00 00:00:00'),
(58, 'Czech Republic', 1, '0000-00-00 00:00:00', '0000-00-00 00:00:00'),
(59, 'Denmark', 1, '0000-00-00 00:00:00', '0000-00-00 00:00:00'),
(60, 'Djibouti', 1, '0000-00-00 00:00:00', '0000-00-00 00:00:00'),
(61, 'Dominica', 1, '0000-00-00 00:00:00', '0000-00-00 00:00:00'),
(62, 'Dominican Republic', 1, '0000-00-00 00:00:00', '0000-00-00 00:00:00'),
(63, 'Ecuador', 1, '0000-00-00 00:00:00', '0000-00-00 00:00:00'),
(64, 'Egypt', 1, '0000-00-00 00:00:00', '0000-00-00 00:00:00'),
(65, 'El Salvador', 1, '0000-00-00 00:00:00', '0000-00-00 00:00:00'),
(66, 'Equatorial Guinea', 1, '0000-00-00 00:00:00', '0000-00-00 00:00:00'),
(67, 'Eritrea', 1, '0000-00-00 00:00:00', '0000-00-00 00:00:00'),
(68, 'Estonia', 1, '0000-00-00 00:00:00', '0000-00-00 00:00:00'),
(69, 'Ethiopia', 1, '0000-00-00 00:00:00', '0000-00-00 00:00:00'),
(70, 'Falkland Islands (Malvinas)', 1, '0000-00-00 00:00:00', '0000-00-00 00:00:00'),
(71, 'Faroe Islands', 1, '0000-00-00 00:00:00', '0000-00-00 00:00:00'),
(72, 'Fiji', 1, '0000-00-00 00:00:00', '0000-00-00 00:00:00'),
(73, 'Finland', 1, '0000-00-00 00:00:00', '0000-00-00 00:00:00'),
(74, 'France', 1, '0000-00-00 00:00:00', '0000-00-00 00:00:00'),
(75, 'French Guiana', 1, '0000-00-00 00:00:00', '0000-00-00 00:00:00'),
(76, 'French Polynesia', 1, '0000-00-00 00:00:00', '0000-00-00 00:00:00'),
(77, 'French Southern Territories', 1, '0000-00-00 00:00:00', '0000-00-00 00:00:00'),
(78, 'Gabon', 1, '0000-00-00 00:00:00', '0000-00-00 00:00:00'),
(79, 'Gambia', 1, '0000-00-00 00:00:00', '0000-00-00 00:00:00'),
(80, 'Georgia', 1, '0000-00-00 00:00:00', '0000-00-00 00:00:00'),
(81, 'Germany', 1, '0000-00-00 00:00:00', '0000-00-00 00:00:00'),
(82, 'Ghana', 1, '0000-00-00 00:00:00', '0000-00-00 00:00:00'),
(83, 'Gibraltar', 1, '0000-00-00 00:00:00', '0000-00-00 00:00:00'),
(84, 'Greece', 1, '0000-00-00 00:00:00', '0000-00-00 00:00:00'),
(85, 'Greenland', 1, '0000-00-00 00:00:00', '0000-00-00 00:00:00'),
(86, 'Grenada', 1, '0000-00-00 00:00:00', '0000-00-00 00:00:00'),
(87, 'Guadeloupe', 1, '0000-00-00 00:00:00', '0000-00-00 00:00:00'),
(88, 'Guam', 1, '0000-00-00 00:00:00', '0000-00-00 00:00:00'),
(89, 'Guatemala', 1, '0000-00-00 00:00:00', '0000-00-00 00:00:00'),
(90, 'Guernsey', 1, '0000-00-00 00:00:00', '0000-00-00 00:00:00'),
(91, 'Guinea', 1, '0000-00-00 00:00:00', '0000-00-00 00:00:00'),
(92, 'Guinea-Bissau', 1, '0000-00-00 00:00:00', '0000-00-00 00:00:00'),
(93, 'Guyana', 1, '0000-00-00 00:00:00', '0000-00-00 00:00:00'),
(94, 'Haiti', 1, '0000-00-00 00:00:00', '0000-00-00 00:00:00'),
(95, 'Heard Island and Mcdonald Islands', 1, '0000-00-00 00:00:00', '0000-00-00 00:00:00'),
(96, 'Holy See (Vatican City State)', 1, '0000-00-00 00:00:00', '0000-00-00 00:00:00'),
(97, 'Honduras', 1, '0000-00-00 00:00:00', '0000-00-00 00:00:00'),
(98, 'Hong Kong', 1, '0000-00-00 00:00:00', '0000-00-00 00:00:00'),
(99, 'Hungary', 1, '0000-00-00 00:00:00', '0000-00-00 00:00:00'),
(100, 'Iceland', 1, '0000-00-00 00:00:00', '0000-00-00 00:00:00'),
(101, 'India', 1, '0000-00-00 00:00:00', '0000-00-00 00:00:00'),
(102, 'Indonesia', 1, '0000-00-00 00:00:00', '0000-00-00 00:00:00'),
(103, 'Iran, Islamic Republic Of', 1, '0000-00-00 00:00:00', '0000-00-00 00:00:00'),
(104, 'Iraq', 1, '0000-00-00 00:00:00', '0000-00-00 00:00:00'),
(105, 'Ireland', 1, '0000-00-00 00:00:00', '0000-00-00 00:00:00'),
(106, 'Isle of Man', 1, '0000-00-00 00:00:00', '0000-00-00 00:00:00'),
(107, 'Israel', 1, '0000-00-00 00:00:00', '0000-00-00 00:00:00'),
(108, 'Italy', 1, '0000-00-00 00:00:00', '0000-00-00 00:00:00'),
(109, 'Jamaica', 1, '0000-00-00 00:00:00', '0000-00-00 00:00:00'),
(110, 'Japan', 1, '0000-00-00 00:00:00', '0000-00-00 00:00:00'),
(111, 'Jersey', 1, '0000-00-00 00:00:00', '0000-00-00 00:00:00'),
(112, 'Jordan', 1, '0000-00-00 00:00:00', '0000-00-00 00:00:00'),
(113, 'Kazakhstan', 1, '0000-00-00 00:00:00', '0000-00-00 00:00:00'),
(114, 'Kenya', 1, '0000-00-00 00:00:00', '0000-00-00 00:00:00'),
(115, 'Kiribati', 1, '0000-00-00 00:00:00', '0000-00-00 00:00:00'),
(116, 'Korea, Democratic People\'S Republic of', 1, '0000-00-00 00:00:00', '0000-00-00 00:00:00'),
(117, 'Korea, Republic of', 1, '0000-00-00 00:00:00', '0000-00-00 00:00:00'),
(118, 'Kuwait', 1, '0000-00-00 00:00:00', '0000-00-00 00:00:00'),
(119, 'Kyrgyzstan', 1, '0000-00-00 00:00:00', '0000-00-00 00:00:00'),
(120, 'Lao People\'S Democratic Republic', 1, '0000-00-00 00:00:00', '0000-00-00 00:00:00'),
(121, 'Latvia', 1, '0000-00-00 00:00:00', '0000-00-00 00:00:00'),
(122, 'Lebanon', 1, '0000-00-00 00:00:00', '0000-00-00 00:00:00'),
(123, 'Lesotho', 1, '0000-00-00 00:00:00', '0000-00-00 00:00:00'),
(124, 'Liberia', 1, '0000-00-00 00:00:00', '0000-00-00 00:00:00'),
(125, 'Libyan Arab Jamahiriya', 1, '0000-00-00 00:00:00', '0000-00-00 00:00:00'),
(126, 'Liechtenstein', 1, '0000-00-00 00:00:00', '0000-00-00 00:00:00'),
(127, 'Lithuania', 1, '0000-00-00 00:00:00', '0000-00-00 00:00:00'),
(128, 'Luxembourg', 1, '0000-00-00 00:00:00', '0000-00-00 00:00:00'),
(129, 'Macao', 1, '0000-00-00 00:00:00', '0000-00-00 00:00:00'),
(130, 'Macedonia, The Former Yugoslav Republic of', 1, '0000-00-00 00:00:00', '0000-00-00 00:00:00'),
(131, 'Madagascar', 1, '0000-00-00 00:00:00', '0000-00-00 00:00:00'),
(132, 'Malawi', 1, '0000-00-00 00:00:00', '0000-00-00 00:00:00'),
(133, 'Malaysia', 1, '0000-00-00 00:00:00', '0000-00-00 00:00:00'),
(134, 'Maldives', 1, '0000-00-00 00:00:00', '0000-00-00 00:00:00'),
(135, 'Mali', 1, '0000-00-00 00:00:00', '0000-00-00 00:00:00'),
(136, 'Malta', 1, '0000-00-00 00:00:00', '0000-00-00 00:00:00'),
(137, 'Marshall Islands', 1, '0000-00-00 00:00:00', '0000-00-00 00:00:00'),
(138, 'Martinique', 1, '0000-00-00 00:00:00', '0000-00-00 00:00:00'),
(139, 'Mauritania', 1, '0000-00-00 00:00:00', '0000-00-00 00:00:00'),
(140, 'Mauritius', 1, '0000-00-00 00:00:00', '0000-00-00 00:00:00'),
(141, 'Mayotte', 1, '0000-00-00 00:00:00', '0000-00-00 00:00:00'),
(142, 'Mexico', 1, '0000-00-00 00:00:00', '0000-00-00 00:00:00'),
(143, 'Micronesia, Federated States of', 1, '0000-00-00 00:00:00', '0000-00-00 00:00:00'),
(144, 'Moldova, Republic of', 1, '0000-00-00 00:00:00', '0000-00-00 00:00:00'),
(145, 'Monaco', 1, '0000-00-00 00:00:00', '0000-00-00 00:00:00'),
(146, 'Mongolia', 1, '0000-00-00 00:00:00', '0000-00-00 00:00:00'),
(147, 'Montserrat', 1, '0000-00-00 00:00:00', '0000-00-00 00:00:00'),
(148, 'Morocco', 1, '0000-00-00 00:00:00', '0000-00-00 00:00:00'),
(149, 'Mozambique', 1, '0000-00-00 00:00:00', '0000-00-00 00:00:00'),
(150, 'Myanmar', 1, '0000-00-00 00:00:00', '0000-00-00 00:00:00'),
(151, 'Namibia', 1, '0000-00-00 00:00:00', '0000-00-00 00:00:00'),
(152, 'Nauru', 1, '0000-00-00 00:00:00', '0000-00-00 00:00:00'),
(153, 'Nepal', 1, '0000-00-00 00:00:00', '0000-00-00 00:00:00'),
(154, 'Netherlands', 1, '0000-00-00 00:00:00', '0000-00-00 00:00:00'),
(155, 'Netherlands Antilles', 1, '0000-00-00 00:00:00', '0000-00-00 00:00:00'),
(156, 'New Caledonia', 1, '0000-00-00 00:00:00', '0000-00-00 00:00:00'),
(157, 'New Zealand', 1, '0000-00-00 00:00:00', '0000-00-00 00:00:00'),
(158, 'Nicaragua', 1, '0000-00-00 00:00:00', '0000-00-00 00:00:00'),
(159, 'Niger', 1, '0000-00-00 00:00:00', '0000-00-00 00:00:00'),
(160, 'Nigeria', 1, '0000-00-00 00:00:00', '0000-00-00 00:00:00'),
(161, 'Niue', 1, '0000-00-00 00:00:00', '0000-00-00 00:00:00'),
(162, 'Norfolk Island', 1, '0000-00-00 00:00:00', '0000-00-00 00:00:00'),
(163, 'Northern Mariana Islands', 1, '0000-00-00 00:00:00', '0000-00-00 00:00:00'),
(164, 'Norway', 1, '0000-00-00 00:00:00', '0000-00-00 00:00:00'),
(165, 'Oman', 1, '0000-00-00 00:00:00', '0000-00-00 00:00:00'),
(166, 'Pakistan', 1, '0000-00-00 00:00:00', '0000-00-00 00:00:00'),
(167, 'Palau', 1, '0000-00-00 00:00:00', '0000-00-00 00:00:00'),
(168, 'Palestinian Territory, Occupied', 1, '0000-00-00 00:00:00', '0000-00-00 00:00:00'),
(169, 'Panama', 1, '0000-00-00 00:00:00', '0000-00-00 00:00:00'),
(170, 'Papua New Guinea', 1, '0000-00-00 00:00:00', '0000-00-00 00:00:00'),
(171, 'Paraguay', 1, '0000-00-00 00:00:00', '0000-00-00 00:00:00'),
(172, 'Peru', 1, '0000-00-00 00:00:00', '0000-00-00 00:00:00'),
(173, 'Philippines', 1, '0000-00-00 00:00:00', '0000-00-00 00:00:00'),
(174, 'Pitcairn', 1, '0000-00-00 00:00:00', '0000-00-00 00:00:00'),
(175, 'Poland', 1, '0000-00-00 00:00:00', '0000-00-00 00:00:00'),
(176, 'Portugal', 1, '0000-00-00 00:00:00', '0000-00-00 00:00:00'),
(177, 'Puerto Rico', 1, '0000-00-00 00:00:00', '0000-00-00 00:00:00'),
(178, 'Qatar', 1, '0000-00-00 00:00:00', '0000-00-00 00:00:00'),
(179, 'Reunion', 1, '0000-00-00 00:00:00', '0000-00-00 00:00:00'),
(180, 'Romania', 1, '0000-00-00 00:00:00', '0000-00-00 00:00:00'),
(181, 'Russian Federation', 1, '0000-00-00 00:00:00', '0000-00-00 00:00:00'),
(182, 'RWANDA', 1, '0000-00-00 00:00:00', '0000-00-00 00:00:00'),
(183, 'Saint Helena', 1, '0000-00-00 00:00:00', '0000-00-00 00:00:00'),
(184, 'Saint Kitts and Nevis', 1, '0000-00-00 00:00:00', '0000-00-00 00:00:00'),
(185, 'Saint Lucia', 1, '0000-00-00 00:00:00', '0000-00-00 00:00:00'),
(186, 'Saint Pierre and Miquelon', 1, '0000-00-00 00:00:00', '0000-00-00 00:00:00'),
(187, 'Saint Vincent and the Grenadines', 1, '0000-00-00 00:00:00', '0000-00-00 00:00:00'),
(188, 'Samoa', 1, '0000-00-00 00:00:00', '0000-00-00 00:00:00'),
(189, 'San Marino', 1, '0000-00-00 00:00:00', '0000-00-00 00:00:00'),
(190, 'Sao Tome and Principe', 1, '0000-00-00 00:00:00', '0000-00-00 00:00:00'),
(191, 'Saudi Arabia', 1, '0000-00-00 00:00:00', '0000-00-00 00:00:00'),
(192, 'Senegal', 1, '0000-00-00 00:00:00', '0000-00-00 00:00:00'),
(193, 'Serbia and Montenegro', 1, '0000-00-00 00:00:00', '0000-00-00 00:00:00'),
(194, 'Seychelles', 1, '0000-00-00 00:00:00', '0000-00-00 00:00:00'),
(195, 'Sierra Leone', 1, '0000-00-00 00:00:00', '0000-00-00 00:00:00'),
(196, 'Singapore', 1, '0000-00-00 00:00:00', '0000-00-00 00:00:00'),
(197, 'Slovakia', 1, '0000-00-00 00:00:00', '0000-00-00 00:00:00'),
(198, 'Slovenia', 1, '0000-00-00 00:00:00', '0000-00-00 00:00:00'),
(199, 'Solomon Islands', 1, '0000-00-00 00:00:00', '0000-00-00 00:00:00'),
(200, 'Somalia', 1, '0000-00-00 00:00:00', '0000-00-00 00:00:00'),
(201, 'South Africa', 1, '0000-00-00 00:00:00', '0000-00-00 00:00:00'),
(202, 'South Georgia and the South Sandwich Islands', 1, '0000-00-00 00:00:00', '0000-00-00 00:00:00'),
(203, 'Spain', 1, '0000-00-00 00:00:00', '0000-00-00 00:00:00'),
(204, 'Sri Lanka', 1, '0000-00-00 00:00:00', '0000-00-00 00:00:00'),
(205, 'Sudan', 1, '0000-00-00 00:00:00', '0000-00-00 00:00:00'),
(206, 'Suriname', 1, '0000-00-00 00:00:00', '0000-00-00 00:00:00'),
(207, 'Svalbard and Jan Mayen', 1, '0000-00-00 00:00:00', '0000-00-00 00:00:00'),
(208, 'Swaziland', 1, '0000-00-00 00:00:00', '0000-00-00 00:00:00'),
(209, 'Sweden', 1, '0000-00-00 00:00:00', '0000-00-00 00:00:00'),
(210, 'Switzerland', 1, '0000-00-00 00:00:00', '0000-00-00 00:00:00'),
(211, 'Syrian Arab Republic', 1, '0000-00-00 00:00:00', '0000-00-00 00:00:00'),
(212, 'Taiwan, Province of China', 1, '0000-00-00 00:00:00', '0000-00-00 00:00:00'),
(213, 'Tajikistan', 1, '0000-00-00 00:00:00', '0000-00-00 00:00:00'),
(214, 'Tanzania, United Republic of', 1, '0000-00-00 00:00:00', '0000-00-00 00:00:00'),
(215, 'Thailand', 1, '0000-00-00 00:00:00', '0000-00-00 00:00:00'),
(216, 'Timor-Leste', 1, '0000-00-00 00:00:00', '0000-00-00 00:00:00'),
(217, 'Togo', 1, '0000-00-00 00:00:00', '0000-00-00 00:00:00'),
(218, 'Tokelau', 1, '0000-00-00 00:00:00', '0000-00-00 00:00:00'),
(219, 'Tonga', 1, '0000-00-00 00:00:00', '0000-00-00 00:00:00'),
(220, 'Trinidad and Tobago', 1, '0000-00-00 00:00:00', '0000-00-00 00:00:00'),
(221, 'Tunisia', 1, '0000-00-00 00:00:00', '0000-00-00 00:00:00'),
(222, 'Turkey', 1, '0000-00-00 00:00:00', '0000-00-00 00:00:00'),
(223, 'Turkmenistan', 1, '0000-00-00 00:00:00', '0000-00-00 00:00:00'),
(224, 'Turks and Caicos Islands', 1, '0000-00-00 00:00:00', '0000-00-00 00:00:00'),
(225, 'Tuvalu', 1, '0000-00-00 00:00:00', '0000-00-00 00:00:00'),
(226, 'Uganda', 1, '0000-00-00 00:00:00', '0000-00-00 00:00:00'),
(227, 'Ukraine', 1, '0000-00-00 00:00:00', '0000-00-00 00:00:00'),
(228, 'United Arab Emirates', 1, '0000-00-00 00:00:00', '0000-00-00 00:00:00'),
(229, 'United Kingdom', 1, '0000-00-00 00:00:00', '0000-00-00 00:00:00'),
(230, 'United States', 1, '0000-00-00 00:00:00', '0000-00-00 00:00:00'),
(231, 'United States Minor Outlying Islands', 1, '0000-00-00 00:00:00', '0000-00-00 00:00:00'),
(232, 'Uruguay', 1, '0000-00-00 00:00:00', '0000-00-00 00:00:00'),
(233, 'Uzbekistan', 1, '0000-00-00 00:00:00', '0000-00-00 00:00:00'),
(234, 'Vanuatu', 1, '0000-00-00 00:00:00', '0000-00-00 00:00:00'),
(235, 'Venezuela', 1, '0000-00-00 00:00:00', '0000-00-00 00:00:00'),
(236, 'Viet Nam', 1, '0000-00-00 00:00:00', '0000-00-00 00:00:00'),
(237, 'Virgin Islands, British', 1, '0000-00-00 00:00:00', '0000-00-00 00:00:00'),
(238, 'Virgin Islands, U.S.', 1, '0000-00-00 00:00:00', '0000-00-00 00:00:00'),
(239, 'Wallis and Futuna', 1, '0000-00-00 00:00:00', '0000-00-00 00:00:00'),
(240, 'Western Sahara', 1, '0000-00-00 00:00:00', '0000-00-00 00:00:00'),
(241, 'Yemen', 1, '0000-00-00 00:00:00', '0000-00-00 00:00:00'),
(242, 'Zambia', 1, '0000-00-00 00:00:00', '0000-00-00 00:00:00'),
(243, 'Zimbabwe', 1, '0000-00-00 00:00:00', '0000-00-00 00:00:00');

-- --------------------------------------------------------

--
-- Table structure for table `failed_jobs`
--

CREATE TABLE `failed_jobs` (
  `id` bigint(20) UNSIGNED NOT NULL,
  `uuid` varchar(255) NOT NULL,
  `connection` text NOT NULL,
  `queue` text NOT NULL,
  `payload` longtext NOT NULL,
  `exception` longtext NOT NULL,
  `failed_at` timestamp NOT NULL DEFAULT current_timestamp()
) ENGINE=InnoDB DEFAULT CHARSET=utf8mb4 COLLATE=utf8mb4_unicode_ci;

-- --------------------------------------------------------

--
-- Table structure for table `friends`
--

CREATE TABLE `friends` (
  `id` bigint(20) UNSIGNED NOT NULL,
  `user_id` bigint(20) UNSIGNED NOT NULL,
  `friend_id` bigint(20) UNSIGNED NOT NULL,
  `friend_status` enum('friends','pending','blocked') NOT NULL DEFAULT 'pending',
  `friend_type` enum('best','normal') NOT NULL DEFAULT 'normal',
  `blocked_by` bigint(20) UNSIGNED DEFAULT NULL,
  `created_at` timestamp NULL DEFAULT NULL,
  `updated_at` timestamp NULL DEFAULT NULL
) ENGINE=InnoDB DEFAULT CHARSET=utf8mb4 COLLATE=utf8mb4_unicode_ci;

--
-- Dumping data for table `friends`
--

INSERT INTO `friends` (`id`, `user_id`, `friend_id`, `friend_status`, `friend_type`, `blocked_by`, `created_at`, `updated_at`) VALUES
(13, 2, 1, 'blocked', 'normal', 1, '2024-05-19 22:24:07', '2024-05-26 03:03:18');

-- --------------------------------------------------------

--
-- Table structure for table `languages`
--

CREATE TABLE `languages` (
  `id` bigint(20) UNSIGNED NOT NULL,
  `name` varchar(255) NOT NULL,
  `code` varchar(255) DEFAULT NULL,
  `translation_status` varchar(255) DEFAULT NULL,
  `created_at` timestamp NULL DEFAULT NULL,
  `updated_at` timestamp NULL DEFAULT NULL
) ENGINE=InnoDB DEFAULT CHARSET=utf8mb4 COLLATE=utf8mb4_unicode_ci;

--
-- Dumping data for table `languages`
--

INSERT INTO `languages` (`id`, `name`, `code`, `translation_status`, `created_at`, `updated_at`) VALUES
(401, 'Abkhaz', 'ab', NULL, '2024-05-25 12:29:21', '2024-05-25 13:37:07'),
(402, 'Achinese', 'ace', NULL, '2024-05-25 12:29:21', '2024-05-25 13:37:06'),
(403, 'Acoli', 'ach', NULL, '2024-05-25 12:29:21', '2024-05-25 12:29:21'),
(404, 'Adangme', 'ada', NULL, '2024-05-25 12:29:21', '2024-05-25 12:29:21'),
(405, 'Afar', 'aa', NULL, '2024-05-25 12:29:21', '2024-05-25 12:29:21'),
(406, 'Afrikaans', 'af', NULL, '2024-05-25 12:29:21', '2024-05-25 12:29:21'),
(407, 'Ainu', 'ain', NULL, '2024-05-25 12:29:21', '2024-05-25 12:29:21'),
(408, 'Akan', 'ak', NULL, '2024-05-25 12:29:21', '2024-05-25 12:29:21'),
(409, 'Akkadian', 'akk', NULL, '2024-05-25 12:29:21', '2024-05-25 12:29:21'),
(410, 'Albanian', 'sq', NULL, '2024-05-25 12:29:21', '2024-05-25 12:29:21'),
(411, 'Aleut', 'ale', NULL, '2024-05-25 12:29:21', '2024-05-25 12:29:21'),
(412, 'Amharic', 'am', NULL, '2024-05-25 12:29:21', '2024-05-25 12:29:21'),
(413, 'Apache', 'apa', NULL, '2024-05-25 12:29:21', '2024-05-25 12:29:21'),
(414, 'Arabic', 'ar', NULL, '2024-05-25 12:29:21', '2024-05-25 12:29:21'),
(415, 'Aramaic', 'arc', NULL, '2024-05-25 12:29:21', '2024-05-25 12:29:21'),
(416, 'Arapaho', 'arp', NULL, '2024-05-25 12:29:21', '2024-05-25 12:29:21'),
(417, 'Armenian', 'hy', NULL, '2024-05-25 12:29:21', '2024-05-25 12:29:21'),
(418, 'Aromanian', 'rup', NULL, '2024-05-25 12:29:21', '2024-05-25 12:29:21'),
(419, 'Assamese', 'as', NULL, '2024-05-25 12:29:21', '2024-05-25 12:29:21'),
(420, 'Asturian', 'ast', NULL, '2024-05-25 12:29:21', '2024-05-25 12:29:21'),
(421, 'Avaric', 'av', NULL, '2024-05-25 12:29:21', '2024-05-25 12:29:21'),
(422, 'Aymara', 'ay', NULL, '2024-05-25 12:29:21', '2024-05-25 12:29:21'),
(423, 'Azerbaijani', 'az', NULL, '2024-05-25 12:29:21', '2024-05-25 12:29:21'),
(424, 'Bable', 'ast', NULL, '2024-05-25 12:29:21', '2024-05-25 12:29:21'),
(425, 'Balinese', 'ban', NULL, '2024-05-25 12:29:21', '2024-05-25 12:29:21'),
(426, 'Balochi', 'bal', NULL, '2024-05-25 12:29:21', '2024-05-25 12:29:21'),
(427, 'Bambara', 'bm', NULL, '2024-05-25 12:29:21', '2024-05-25 12:29:21'),
(428, 'Basque', 'eu', NULL, '2024-05-25 12:29:21', '2024-05-25 12:29:21'),
(429, 'Bashkir', 'ba', NULL, '2024-05-25 12:29:21', '2024-05-25 12:29:21'),
(430, 'Belarusian', 'be', NULL, '2024-05-25 12:29:21', '2024-05-25 12:29:21'),
(431, 'Bemba', 'bem', NULL, '2024-05-25 12:29:21', '2024-05-25 12:29:21'),
(432, 'Bengali', 'bn', NULL, '2024-05-25 12:29:21', '2024-05-25 12:29:21'),
(433, 'Berber languages', 'ber', NULL, '2024-05-25 12:29:21', '2024-05-25 12:29:21'),
(434, 'Bhojpuri', 'bho', NULL, '2024-05-25 12:29:21', '2024-05-25 12:29:21'),
(435, 'Bihari', 'bh', NULL, '2024-05-25 12:29:21', '2024-05-25 12:29:21'),
(436, 'Bikol', 'bik', NULL, '2024-05-25 12:29:21', '2024-05-25 12:29:21'),
(437, 'Bislama', 'bi', NULL, '2024-05-25 12:29:21', '2024-05-25 12:29:21'),
(438, 'Breton', 'br', NULL, '2024-05-25 12:29:21', '2024-05-25 12:29:21'),
(439, 'Bulgarian', 'bg', NULL, '2024-05-25 12:29:21', '2024-05-25 12:29:21'),
(440, 'Burmese', 'my', NULL, '2024-05-25 12:29:21', '2024-05-25 12:29:21'),
(441, 'Catalan', 'ca', NULL, '2024-05-25 12:29:21', '2024-05-25 12:29:21'),
(442, 'Cebuano', 'ceb', NULL, '2024-05-25 12:29:21', '2024-05-25 12:29:21'),
(443, 'Chamorro', 'ch', NULL, '2024-05-25 12:29:21', '2024-05-25 12:29:21'),
(444, 'Chechen', 'ce', NULL, '2024-05-25 12:29:21', '2024-05-25 12:29:21'),
(445, 'Cherokee', 'chr', NULL, '2024-05-25 12:29:21', '2024-05-25 12:29:21'),
(446, 'Chewa', 'ny', NULL, '2024-05-25 12:29:21', '2024-05-25 12:29:21'),
(447, 'Chibcha', 'chb', NULL, '2024-05-25 12:29:21', '2024-05-25 12:29:21'),
(448, 'Chichewa', 'ny', NULL, '2024-05-25 12:29:21', '2024-05-25 12:29:21'),
(449, 'Chinese (Mandarin)', 'zh', NULL, '2024-05-25 12:29:21', '2024-05-25 12:29:21'),
(450, 'Chinese (Cantonese)', 'zh-yue', NULL, '2024-05-25 12:29:21', '2024-05-25 12:29:21'),
(451, 'Chipewyan', 'chp', NULL, '2024-05-25 12:29:21', '2024-05-25 12:29:21'),
(452, 'Choctaw', 'cho', NULL, '2024-05-25 12:29:21', '2024-05-25 12:29:21'),
(453, 'Chuukese', 'chk', NULL, '2024-05-25 12:29:21', '2024-05-25 12:29:21'),
(454, 'Corsican', 'co', NULL, '2024-05-25 12:29:21', '2024-05-25 12:29:21'),
(455, 'Cree', 'cr', NULL, '2024-05-25 12:29:21', '2024-05-25 12:29:21'),
(456, 'Croatian', 'hr', NULL, '2024-05-25 12:29:21', '2024-05-25 12:29:21'),
(457, 'Czech', 'cs', NULL, '2024-05-25 12:29:21', '2024-05-25 12:29:21'),
(458, 'Danish', 'da', NULL, '2024-05-25 12:29:21', '2024-05-25 12:29:21'),
(459, 'Dari', 'fa-AF', NULL, '2024-05-25 12:29:21', '2024-05-25 12:29:21'),
(460, 'Dinka', 'din', NULL, '2024-05-25 12:29:21', '2024-05-25 12:29:21'),
(461, 'Divehi', 'dv', NULL, '2024-05-25 12:29:21', '2024-05-25 12:29:21'),
(462, 'Dogri', 'doi', NULL, '2024-05-25 12:29:21', '2024-05-25 12:29:21'),
(463, 'Dutch', 'nl', '1', '2024-05-25 12:29:21', '2024-05-25 13:37:22'),
(464, 'Dzongkha', 'dz', NULL, '2024-05-25 12:29:21', '2024-05-25 12:29:21'),
(465, 'Edo', 'bin', NULL, '2024-05-25 12:29:21', '2024-05-25 12:29:21'),
(466, 'Efik', 'efi', NULL, '2024-05-25 12:29:21', '2024-05-25 12:29:21'),
(467, 'Esperanto', 'eo', NULL, '2024-05-25 12:29:21', '2024-05-25 12:29:21'),
(468, 'Estonian', 'et', NULL, '2024-05-25 12:29:21', '2024-05-25 12:29:21'),
(469, 'Ewe', 'ee', NULL, '2024-05-25 12:29:21', '2024-05-25 12:29:21'),
(470, 'English (American)', 'en', '1', '2024-05-25 12:29:21', '2024-05-25 13:29:04'),
(475, 'Faroese', 'fo', NULL, '2024-05-25 12:29:21', '2024-05-25 12:29:21'),
(476, 'Fijian', 'fj', NULL, '2024-05-25 12:29:21', '2024-05-25 12:29:21'),
(477, 'Finnish', 'fi', NULL, '2024-05-25 12:29:21', '2024-05-25 12:29:21'),
(478, 'Flemish', 'nl-BE', NULL, '2024-05-25 12:29:21', '2024-05-25 12:29:21'),
(479, 'Fon', 'fon', NULL, '2024-05-25 12:29:21', '2024-05-25 12:29:21'),
(480, 'French', 'fr', '1', '2024-05-25 12:29:21', '2024-05-25 13:34:26'),
(481, 'Frisian', 'fy', NULL, '2024-05-25 12:29:21', '2024-05-25 12:29:21'),
(482, 'Fulani', 'ff', NULL, '2024-05-25 12:29:21', '2024-05-25 12:29:21'),
(483, 'Gaelic (Scottish Gaelic)', 'gd', NULL, '2024-05-25 12:29:21', '2024-05-25 12:29:21'),
(484, 'Galician', 'gl', NULL, '2024-05-25 12:29:21', '2024-05-25 12:29:21'),
(485, 'Ganda', 'lg', NULL, '2024-05-25 12:29:21', '2024-05-25 12:29:21'),
(486, 'Georgian', 'ka', NULL, '2024-05-25 12:29:21', '2024-05-25 12:29:21'),
(487, 'German', 'de', '1', '2024-05-25 12:29:21', '2024-05-25 13:34:33'),
(488, 'Greek', 'el', NULL, '2024-05-25 12:29:21', '2024-05-25 12:29:21'),
(489, 'Guarani', 'gn', NULL, '2024-05-25 12:29:21', '2024-05-25 12:29:21'),
(490, 'Gujarati', 'gu', NULL, '2024-05-25 12:29:21', '2024-05-25 12:29:21'),
(491, 'Haitian Creole', 'ht', NULL, '2024-05-25 12:29:21', '2024-05-25 12:29:21'),
(492, 'Hausa', 'ha', NULL, '2024-05-25 12:29:21', '2024-05-25 12:29:21'),
(493, 'Hawaiian', 'haw', NULL, '2024-05-25 12:29:21', '2024-05-25 12:29:21'),
(494, 'Hebrew', 'he', NULL, '2024-05-25 12:29:21', '2024-05-25 12:29:21'),
(495, 'Hindi', 'hi', NULL, '2024-05-25 12:29:21', '2024-05-25 12:29:21'),
(496, 'Hiri Motu', 'ho', NULL, '2024-05-25 12:29:21', '2024-05-25 12:29:21'),
(497, 'Hmong', 'hmn', NULL, '2024-05-25 12:29:21', '2024-05-25 12:29:21'),
(498, 'Hungarian', 'hu', NULL, '2024-05-25 12:29:21', '2024-05-25 12:29:21'),
(499, 'Icelandic', 'is', NULL, '2024-05-25 12:29:21', '2024-05-25 12:29:21'),
(500, 'Igbo', 'ig', NULL, '2024-05-25 12:29:21', '2024-05-25 12:29:21'),
(501, 'Ilocano', 'ilo', NULL, '2024-05-25 12:29:21', '2024-05-25 12:29:21'),
(502, 'Indonesian', 'id', NULL, '2024-05-25 12:29:21', '2024-05-25 12:29:21'),
(503, 'Inuktitut', 'iu', NULL, '2024-05-25 12:29:21', '2024-05-25 12:29:21'),
(504, 'Irish', 'ga', NULL, '2024-05-25 12:29:21', '2024-05-25 12:29:21'),
(505, 'Italian', 'it', '1', '2024-05-25 12:29:21', '2024-05-25 13:35:27'),
(506, 'Japanese', 'ja', NULL, '2024-05-25 12:29:21', '2024-05-25 12:29:21'),
(507, 'Javanese', 'jv', NULL, '2024-05-25 12:29:21', '2024-05-25 12:29:21'),
(508, 'Jola-Fonyi', 'dyo', NULL, '2024-05-25 12:29:21', '2024-05-25 12:29:21'),
(509, 'Judeo-Spanish', 'lad', NULL, '2024-05-25 12:29:21', '2024-05-25 12:29:21'),
(510, 'Kabyle', 'kab', NULL, '2024-05-25 12:29:21', '2024-05-25 12:29:21'),
(511, 'Kannada', 'kn', NULL, '2024-05-25 12:29:21', '2024-05-25 12:29:21'),
(512, 'Kanuri', 'kr', NULL, '2024-05-25 12:29:21', '2024-05-25 12:29:21'),
(513, 'Kashmiri', 'ks', NULL, '2024-05-25 12:29:21', '2024-05-25 12:29:21'),
(514, 'Kazakh', 'kk', NULL, '2024-05-25 12:29:21', '2024-05-25 12:29:21'),
(515, 'Khmer (Cambodian)', 'km', NULL, '2024-05-25 12:29:21', '2024-05-25 12:29:21'),
(516, 'Kikuyu', 'ki', NULL, '2024-05-25 12:29:21', '2024-05-25 12:29:21'),
(517, 'Kinyarwanda', 'rw', NULL, '2024-05-25 12:29:21', '2024-05-25 12:29:21'),
(518, 'K\'iche\' (Quiché)', 'quc', NULL, '2024-05-25 12:29:21', '2024-05-25 12:29:21'),
(519, 'Klingon', 'tlh', NULL, '2024-05-25 12:29:21', '2024-05-25 12:29:21'),
(520, 'Korean', 'ko', NULL, '2024-05-25 12:29:21', '2024-05-25 12:29:21'),
(521, 'Kurdish', 'ku', NULL, '2024-05-25 12:29:21', '2024-05-25 12:29:21'),
(522, 'Kurukh', 'kru', NULL, '2024-05-25 12:29:21', '2024-05-25 12:29:21'),
(523, 'Kyrgyz', 'ky', NULL, '2024-05-25 12:29:21', '2024-05-25 12:29:21'),
(524, 'Lao', 'lo', NULL, '2024-05-25 12:29:21', '2024-05-25 12:29:21'),
(525, 'Latin', 'la', NULL, '2024-05-25 12:29:21', '2024-05-25 12:29:21'),
(526, 'Latvian', 'lv', NULL, '2024-05-25 12:29:21', '2024-05-25 12:29:21'),
(527, 'Lingala', 'ln', NULL, '2024-05-25 12:29:21', '2024-05-25 12:29:21'),
(528, 'Lithuanian', 'lt', NULL, '2024-05-25 12:29:21', '2024-05-25 12:29:21'),
(529, 'Luganda', 'lg', NULL, '2024-05-25 12:29:21', '2024-05-25 12:29:21'),
(530, 'Luxembourgish', 'lb', NULL, '2024-05-25 12:29:21', '2024-05-25 12:29:21'),
(531, 'Macedonian', 'mk', NULL, '2024-05-25 12:29:21', '2024-05-25 12:29:21'),
(532, 'Malagasy', 'mg', NULL, '2024-05-25 12:29:21', '2024-05-25 12:29:21'),
(533, 'Malay/Indonesian', 'ms', NULL, '2024-05-25 12:29:21', '2024-05-25 12:29:21'),
(534, 'Malayalam', 'ml', NULL, '2024-05-25 12:29:21', '2024-05-25 12:29:21'),
(535, 'Maltese', 'mt', NULL, '2024-05-25 12:29:21', '2024-05-25 12:29:21'),
(536, 'Manchu', 'mnc', NULL, '2024-05-25 12:29:21', '2024-05-25 12:29:21'),
(537, 'Maori', 'mi', NULL, '2024-05-25 12:29:21', '2024-05-25 12:29:21'),
(538, 'Marathi', 'mr', NULL, '2024-05-25 12:29:21', '2024-05-25 12:29:21'),
(539, 'Marshallese', 'mh', NULL, '2024-05-25 12:29:21', '2024-05-25 12:29:21'),
(540, 'Mongolian', 'mn', NULL, '2024-05-25 12:29:21', '2024-05-25 12:29:21'),
(541, 'Nahuatl', 'nah', NULL, '2024-05-25 12:29:21', '2024-05-25 12:29:21'),
(542, 'Nauruan', 'na', NULL, '2024-05-25 12:29:21', '2024-05-25 12:29:21'),
(543, 'Navajo', 'nv', NULL, '2024-05-25 12:29:21', '2024-05-25 12:29:21'),
(544, 'Nepali', 'ne', NULL, '2024-05-25 12:29:21', '2024-05-25 12:29:21'),
(545, 'Norwegian', 'no', NULL, '2024-05-25 12:29:21', '2024-05-25 12:29:21'),
(546, 'Ojibwa', 'oj', NULL, '2024-05-25 12:29:21', '2024-05-25 12:29:21'),
(547, 'Oriya', 'or', NULL, '2024-05-25 12:29:21', '2024-05-25 12:29:21'),
(548, 'Oromo', 'om', NULL, '2024-05-25 12:29:21', '2024-05-25 12:29:21'),
(549, 'Pashto', 'ps', NULL, '2024-05-25 12:29:21', '2024-05-25 12:29:21'),
(550, 'Persian (Farsi)', 'fa', NULL, '2024-05-25 12:29:21', '2024-05-25 12:29:21'),
(551, 'Polish', 'pl', NULL, '2024-05-25 12:29:21', '2024-05-25 12:29:21'),
(552, 'Portuguese', 'pt', NULL, '2024-05-25 12:29:21', '2024-05-25 12:29:21'),
(553, 'Punjabi', 'pa', NULL, '2024-05-25 12:29:21', '2024-05-25 12:29:21'),
(554, 'Quechua', 'qu', NULL, '2024-05-25 12:29:21', '2024-05-25 12:29:21'),
(555, 'Romanian', 'ro', NULL, '2024-05-25 12:29:21', '2024-05-25 12:29:21'),
(556, 'Romany', 'rom', NULL, '2024-05-25 12:29:21', '2024-05-25 12:29:21'),
(557, 'Russian', 'ru', NULL, '2024-05-25 12:29:21', '2024-05-25 12:29:21'),
(558, 'Rwanda (Kinyarwanda)', 'rw', NULL, '2024-05-25 12:29:21', '2024-05-25 12:29:21'),
(559, 'Samoan', 'sm', NULL, '2024-05-25 12:29:21', '2024-05-25 12:29:21'),
(560, 'Sango', 'sg', NULL, '2024-05-25 12:29:21', '2024-05-25 12:29:21'),
(561, 'Sanskrit', 'sa', NULL, '2024-05-25 12:29:21', '2024-05-25 12:29:21'),
(562, 'Serbian', 'sr', NULL, '2024-05-25 12:29:21', '2024-05-25 12:29:21'),
(563, 'Sesotho', 'st', NULL, '2024-05-25 12:29:21', '2024-05-25 12:29:21'),
(564, 'Setswana', 'tn', NULL, '2024-05-25 12:29:21', '2024-05-25 12:29:21'),
(565, 'Shona', 'sn', NULL, '2024-05-25 12:29:21', '2024-05-25 12:29:21'),
(566, 'Sindhi', 'sd', NULL, '2024-05-25 12:29:21', '2024-05-25 12:29:21'),
(567, 'Sinhala', 'si', NULL, '2024-05-25 12:29:21', '2024-05-25 12:29:21'),
(568, 'Slovak', 'sk', NULL, '2024-05-25 12:29:21', '2024-05-25 12:29:21'),
(569, 'Slovenian', 'sl', NULL, '2024-05-25 12:29:21', '2024-05-25 12:29:21'),
(570, 'Somali', 'so', NULL, '2024-05-25 12:29:21', '2024-05-25 12:29:21'),
(571, 'Spanish (Español)', 'es', NULL, '2024-05-25 12:29:21', '2024-05-25 12:29:21'),
(572, 'Swahili', 'sw', NULL, '2024-05-25 12:29:21', '2024-05-25 12:29:21'),
(573, 'Swedish', 'sv', NULL, '2024-05-25 12:29:21', '2024-05-25 12:29:21'),
(574, 'Tagalog', 'tl', NULL, '2024-05-25 12:29:21', '2024-05-25 12:29:21'),
(575, 'Tahitian', 'ty', NULL, '2024-05-25 12:29:21', '2024-05-25 12:29:21'),
(576, 'Tajik', 'tg', NULL, '2024-05-25 12:29:21', '2024-05-25 12:29:21'),
(577, 'Tamil', 'ta', NULL, '2024-05-25 12:29:21', '2024-05-25 12:29:21'),
(578, 'Tatar', 'tt', NULL, '2024-05-25 12:29:21', '2024-05-25 12:29:21'),
(579, 'Telugu', 'te', NULL, '2024-05-25 12:29:21', '2024-05-25 12:29:21'),
(580, 'Thai', 'th', NULL, '2024-05-25 12:29:21', '2024-05-25 12:29:21'),
(581, 'Tibetan', 'bo', NULL, '2024-05-25 12:29:21', '2024-05-25 12:29:21'),
(582, 'Tigrinya', 'ti', NULL, '2024-05-25 12:29:21', '2024-05-25 12:29:21'),
(583, 'Tok Pisin', 'tpi', NULL, '2024-05-25 12:29:21', '2024-05-25 12:29:21'),
(584, 'Tongan', 'to', NULL, '2024-05-25 12:29:21', '2024-05-25 12:29:21'),
(585, 'Tswana', 'tn', NULL, '2024-05-25 12:29:21', '2024-05-25 12:29:21'),
(586, 'Turkish', 'tr', NULL, '2024-05-25 12:29:21', '2024-05-25 12:29:21'),
(587, 'Turkmen', 'tk', NULL, '2024-05-25 12:29:21', '2024-05-25 12:29:21'),
(588, 'Uighur', 'ug', NULL, '2024-05-25 12:29:21', '2024-05-25 12:29:21'),
(589, 'Ukrainian', 'uk', NULL, '2024-05-25 12:29:21', '2024-05-25 12:29:21'),
(590, 'Urdu', 'ur', NULL, '2024-05-25 12:29:21', '2024-05-25 12:29:21'),
(591, 'Uzbek', 'uz', NULL, '2024-05-25 12:29:21', '2024-05-25 12:29:21'),
(592, 'Vietnamese', 'vi', NULL, '2024-05-25 12:29:21', '2024-05-25 12:29:21'),
(593, 'Volapük', 'vo', NULL, '2024-05-25 12:29:21', '2024-05-25 12:29:21'),
(594, 'Walloon', 'wa', NULL, '2024-05-25 12:29:21', '2024-05-25 12:29:21'),
(595, 'Welsh', 'cy', NULL, '2024-05-25 12:29:21', '2024-05-25 12:29:21'),
(596, 'Wolof', 'wo', NULL, '2024-05-25 12:29:21', '2024-05-25 12:29:21'),
(597, 'Xhosa', 'xh', NULL, '2024-05-25 12:29:21', '2024-05-25 12:29:21'),
(598, 'Yao', 'yao', NULL, '2024-05-25 12:29:21', '2024-05-25 12:29:21'),
(599, 'Yapese', 'yap', NULL, '2024-05-25 12:29:21', '2024-05-25 12:29:21'),
(600, 'Yiddish', 'yi', NULL, '2024-05-25 12:29:21', '2024-05-25 12:29:21'),
(601, 'Yoruba', 'yo', NULL, '2024-05-25 12:29:21', '2024-05-25 12:29:21'),
(602, 'Zulu', 'zu', NULL, '2024-05-25 12:29:21', '2024-05-25 12:29:21');

-- --------------------------------------------------------

--
-- Table structure for table `migrations`
--

CREATE TABLE `migrations` (
  `id` int(10) UNSIGNED NOT NULL,
  `migration` varchar(255) NOT NULL,
  `batch` int(11) NOT NULL
) ENGINE=InnoDB DEFAULT CHARSET=utf8mb4 COLLATE=utf8mb4_unicode_ci;

--
-- Dumping data for table `migrations`
--

INSERT INTO `migrations` (`id`, `migration`, `batch`) VALUES
(2, '2014_10_12_100000_create_password_reset_tokens_table', 1),
(3, '2019_08_19_000000_create_failed_jobs_table', 1),
(4, '2019_12_14_000001_create_personal_access_tokens_table', 1),
(5, '2024_04_20_210052_create_admins_table', 2),
(8, '2024_04_23_075752_create_countries_table', 4),
(9, '2024_04_23_080043_create_languages_table', 5),
(11, '2024_04_24_155555_create_chats_table', 6),
(15, '2024_04_25_220450_create_subscriptions_table', 8),
(18, '2024_04_29_072707_create_friends_table', 10),
(19, '2014_10_12_000000_create_users_table', 11),
(20, '2024_04_25_214016_create_plans_table', 12),
(21, '2024_05_03_100903_add_religious_affiliation_to_users_table', 13),
(22, '2024_05_04_165718_add_columns_to_users_table', 14),
(23, '2024_05_07_110610_create_sliders_table', 15),
(24, '2024_05_19_172434_add_blocked_by_to_friends_table', 16),
(28, '2024_05_23_171040_create_translations_table', 17),
(30, '2024_05_25_121015_add_fields_to_languages_table', 18),
(31, '2024_05_27_184007_create_branches_table', 19),
(32, '2024_06_29_200946_create_employees_table', 20),
(33, '2024_09_18_093217_create_poll_questions_table', 21),
(34, '2024_09_18_093330_create_poll_options_table', 22),
(35, '2024_09_18_093413_create_poll_votes_table', 23),
(36, '2024_09_18_122000_add_max_votes_to_poll_questions_table', 24),
(37, '2024_09_21_101655_add_local_ip_address_to_poll_votes_table', 25),
(38, '2024_10_13_010028_add_user_id_to_poll_questions_table', 26);

-- --------------------------------------------------------

--
-- Table structure for table `password_reset_tokens`
--

CREATE TABLE `password_reset_tokens` (
  `email` varchar(255) NOT NULL,
  `token` varchar(255) NOT NULL,
  `created_at` timestamp NULL DEFAULT NULL
) ENGINE=InnoDB DEFAULT CHARSET=utf8mb4 COLLATE=utf8mb4_unicode_ci;

-- --------------------------------------------------------

--
-- Table structure for table `personal_access_tokens`
--

CREATE TABLE `personal_access_tokens` (
  `id` bigint(20) UNSIGNED NOT NULL,
  `tokenable_type` varchar(255) NOT NULL,
  `tokenable_id` bigint(20) UNSIGNED NOT NULL,
  `name` varchar(255) NOT NULL,
  `token` varchar(64) NOT NULL,
  `abilities` text DEFAULT NULL,
  `last_used_at` timestamp NULL DEFAULT NULL,
  `expires_at` timestamp NULL DEFAULT NULL,
  `created_at` timestamp NULL DEFAULT NULL,
  `updated_at` timestamp NULL DEFAULT NULL
) ENGINE=InnoDB DEFAULT CHARSET=utf8mb4 COLLATE=utf8mb4_unicode_ci;

-- --------------------------------------------------------

--
-- Table structure for table `poll_options`
--

CREATE TABLE `poll_options` (
  `id` bigint(20) UNSIGNED NOT NULL,
  `question_id` bigint(20) UNSIGNED NOT NULL,
  `option` varchar(255) NOT NULL,
  `created_at` timestamp NULL DEFAULT NULL,
  `updated_at` timestamp NULL DEFAULT NULL
) ENGINE=InnoDB DEFAULT CHARSET=utf8mb4 COLLATE=utf8mb4_unicode_ci;

--
-- Dumping data for table `poll_options`
--

INSERT INTO `poll_options` (`id`, `question_id`, `option`, `created_at`, `updated_at`) VALUES
(68, 4, 'sasf', '2024-10-12 19:08:11', '2024-10-12 19:08:11'),
(69, 4, 'safsaf', '2024-10-12 19:08:11', '2024-10-12 19:08:11'),
(70, 3, 'dad', '2024-10-12 20:13:51', '2024-10-12 20:13:51'),
(71, 3, 'A', '2024-10-12 20:13:51', '2024-10-12 20:13:51'),
(72, 3, 'c', '2024-10-12 20:13:51', '2024-10-12 20:13:51'),
(73, 3, 'sasf', '2024-10-12 20:13:51', '2024-10-12 20:13:51'),
(74, 5, 'Awami League', '2024-12-02 08:59:31', '2024-12-02 08:59:31'),
(75, 5, 'BNP', '2024-12-02 08:59:31', '2024-12-02 08:59:31'),
(76, 5, 'Jamaat-e-Islami', '2024-12-02 08:59:31', '2024-12-02 08:59:31'),
(77, 5, 'Any Islamic Party other than Jamaat', '2024-12-02 08:59:31', '2024-12-02 08:59:31');

-- --------------------------------------------------------

--
-- Table structure for table `poll_questions`
--

CREATE TABLE `poll_questions` (
  `id` bigint(20) UNSIGNED NOT NULL,
  `user_id` bigint(20) UNSIGNED NOT NULL,
  `title` varchar(255) NOT NULL,
  `is_private` tinyint(1) NOT NULL DEFAULT 0,
  `start_time` timestamp NULL DEFAULT NULL,
  `end_time` timestamp NULL DEFAULT NULL,
  `status` enum('open','closed') NOT NULL DEFAULT 'open',
  `created_at` timestamp NULL DEFAULT NULL,
  `updated_at` timestamp NULL DEFAULT NULL,
  `max_votes` int(11) NOT NULL DEFAULT 0
) ENGINE=InnoDB DEFAULT CHARSET=utf8mb4 COLLATE=utf8mb4_unicode_ci;

--
-- Dumping data for table `poll_questions`
--

INSERT INTO `poll_questions` (`id`, `user_id`, `title`, `is_private`, `start_time`, `end_time`, `status`, `created_at`, `updated_at`, `max_votes`) VALUES
(3, 0, 'A test poll', 0, '2024-09-19 15:16:00', '2024-09-19 15:16:00', 'open', '2024-09-18 06:23:16', '2024-10-12 20:13:51', 0),
(4, 1, 'Test', 0, '2024-10-13 01:07:00', '2024-10-13 01:07:00', 'open', '2024-10-12 19:08:11', '2024-10-12 19:08:11', 0),
(5, 1, 'For Whom You are likely to caste your VOTE?', 0, '2024-12-02 15:00:00', '2024-12-02 18:00:00', 'open', '2024-12-02 08:59:31', '2024-12-02 08:59:31', 0);

-- --------------------------------------------------------

--
-- Table structure for table `poll_votes`
--

CREATE TABLE `poll_votes` (
  `id` bigint(20) UNSIGNED NOT NULL,
  `question_id` bigint(20) UNSIGNED NOT NULL,
  `option_id` bigint(20) UNSIGNED NOT NULL,
  `ip_address` varchar(255) NOT NULL,
  `local_ip_address` varchar(255) DEFAULT NULL,
  `created_at` timestamp NULL DEFAULT NULL,
  `updated_at` timestamp NULL DEFAULT NULL
) ENGINE=InnoDB DEFAULT CHARSET=utf8mb4 COLLATE=utf8mb4_unicode_ci;

--
-- Dumping data for table `poll_votes`
--

INSERT INTO `poll_votes` (`id`, `question_id`, `option_id`, `ip_address`, `local_ip_address`, `created_at`, `updated_at`) VALUES
(30, 4, 68, '127.0.0.1', '192.168.56.1', '2024-10-18 23:38:45', '2024-10-18 23:38:45'),
(31, 4, 68, '202.134.13.140', 'b754e8f9-f3ba-41d4-8b1b-26fff6cdddab.local', '2024-11-02 22:05:27', '2024-11-02 22:05:27'),
(32, 5, 75, '59.152.5.155', '10.58.2.83', '2024-12-02 08:59:54', '2024-12-02 08:59:54');

-- --------------------------------------------------------

--
-- Table structure for table `translations`
--

CREATE TABLE `translations` (
  `id` bigint(20) UNSIGNED NOT NULL,
  `key_text` varchar(255) NOT NULL,
  `translate` varchar(255) NOT NULL,
  `lang` varchar(255) NOT NULL,
  `created_at` timestamp NULL DEFAULT NULL,
  `updated_at` timestamp NULL DEFAULT NULL
) ENGINE=InnoDB DEFAULT CHARSET=utf8mb4 COLLATE=utf8mb4_unicode_ci;

--
-- Dumping data for table `translations`
--

INSERT INTO `translations` (`id`, `key_text`, `translate`, `lang`, `created_at`, `updated_at`) VALUES
(4, 'Hello', 'Ciao', 'it', NULL, NULL);

-- --------------------------------------------------------

--
-- Table structure for table `users`
--

CREATE TABLE `users` (
  `id` bigint(20) UNSIGNED NOT NULL,
  `first_name` varchar(255) NOT NULL,
  `last_name` varchar(255) NOT NULL,
  `email` varchar(255) NOT NULL,
  `username` varchar(255) NOT NULL,
  `role` varchar(255) NOT NULL DEFAULT 'user',
  `gender` varchar(255) NOT NULL,
  `age` varchar(255) NOT NULL,
  `country` varchar(255) DEFAULT NULL,
  `city` varchar(255) DEFAULT NULL,
  `language` varchar(255) NOT NULL,
  `profile_pic` varchar(255) DEFAULT NULL,
  `phone` varchar(255) DEFAULT NULL,
  `professional_situation` varchar(255) DEFAULT NULL,
  `occupation` varchar(255) DEFAULT NULL,
  `education_level` varchar(255) DEFAULT NULL,
  `music_genre` varchar(255) DEFAULT NULL,
  `film_series_preference` varchar(255) DEFAULT NULL,
  `artistic_activities` varchar(255) DEFAULT NULL,
  `sports` varchar(255) DEFAULT NULL,
  `relationship_status` varchar(255) DEFAULT NULL,
  `children` varchar(255) DEFAULT NULL,
  `number_of_children` varchar(255) DEFAULT NULL,
  `religious_affiliation` varchar(255) DEFAULT NULL,
  `about_me` varchar(255) DEFAULT NULL,
  `payment_method` varchar(255) DEFAULT NULL,
  `adds_points` varchar(255) DEFAULT NULL,
  `is_subscribed` varchar(255) DEFAULT NULL,
  `start_date` varchar(255) DEFAULT NULL,
  `end_date` varchar(255) DEFAULT NULL,
  `latitude` varchar(255) DEFAULT NULL,
  `longitude` varchar(255) DEFAULT NULL,
  `otp` varchar(255) NOT NULL,
  `call_status` varchar(255) NOT NULL DEFAULT '0',
  `is_online` varchar(255) NOT NULL DEFAULT '1',
  `is_active` varchar(255) NOT NULL DEFAULT '0',
  `token` varchar(255) NOT NULL DEFAULT '0',
  `status` varchar(255) NOT NULL DEFAULT '0',
  `created_at` timestamp NULL DEFAULT NULL,
  `updated_at` timestamp NULL DEFAULT NULL,
  `religion_name` varchar(255) DEFAULT NULL,
  `address` varchar(255) DEFAULT NULL,
  `postal_code` varchar(255) DEFAULT NULL
) ENGINE=InnoDB DEFAULT CHARSET=utf8mb4 COLLATE=utf8mb4_unicode_ci;

--
-- Dumping data for table `users`
--

INSERT INTO `users` (`id`, `first_name`, `last_name`, `email`, `username`, `role`, `gender`, `age`, `country`, `city`, `language`, `profile_pic`, `phone`, `professional_situation`, `occupation`, `education_level`, `music_genre`, `film_series_preference`, `artistic_activities`, `sports`, `relationship_status`, `children`, `number_of_children`, `religious_affiliation`, `about_me`, `payment_method`, `adds_points`, `is_subscribed`, `start_date`, `end_date`, `latitude`, `longitude`, `otp`, `call_status`, `is_online`, `is_active`, `token`, `status`, `created_at`, `updated_at`, `religion_name`, `address`, `postal_code`) VALUES
(1, 'Effety', 'Hassan', 'effety@gmail.com', 'effety_l2tli', 'user', 'male', '1987-11-29', '19,20,21,23', 'Jeshore test', '432', '1716270080_664c340009970.jpg', '1954372008', 'employee', 'Software Engineer', 'bachelor_degree', 'pop', 'fantastic', 'music', 'football', 'in_relationship', 'no', '2', 'no', 'nothing for now test', 'paypal', '0', '1', NULL, '2025-05-22', NULL, NULL, '308845', '0', '1', '1', '0', '0', '2024-05-01 13:12:24', '2024-05-23 05:22:53', 'christianity', 'Rupdia', '7405'),
(2, 'Stella', 'Aragon', 'effety1@gmail.com', 'stella_l1q8i', 'user', 'female', '1940-05-01', '19,20,21,25', NULL, '432', NULL, NULL, NULL, NULL, NULL, NULL, NULL, NULL, NULL, NULL, NULL, NULL, NULL, NULL, NULL, NULL, '1', NULL, NULL, NULL, NULL, '794002', '0', '1', '1', '0', '0', '2024-05-01 13:13:18', '2024-05-01 13:13:25', NULL, NULL, NULL),
(3, 'Verena', 'Bonny', 'effety111@gmail.com', 'verena_2ba7n', 'user', 'female', '1987-03-01', '210,21,19', NULL, '432', '1714724646_66349f2662acd.png', NULL, NULL, NULL, NULL, NULL, 'action', 'music', 'football', 'single', 'yes', NULL, NULL, NULL, NULL, '0', NULL, NULL, NULL, NULL, NULL, '305445', '0', '1', '1', '0', '0', '2024-05-01 17:48:47', '2024-05-03 02:24:06', NULL, NULL, NULL),
(4, 'Admin', '', 'effety222@gmail.com', 'nivan_rgmes', 'user', 'male', '2005-12-30', '19', NULL, '432', NULL, NULL, NULL, NULL, NULL, NULL, NULL, NULL, NULL, NULL, NULL, NULL, NULL, NULL, NULL, NULL, NULL, NULL, NULL, NULL, NULL, '856914', '0', '1', '1', '0', '0', '2024-05-03 04:35:53', '2024-05-03 04:35:53', NULL, NULL, NULL),
(5, 'Effety3', 'ssan', 'effet222y@gmail.com', 'effety3_ajf46', 'user', 'male', '2024-05-15', '19', NULL, '432', NULL, NULL, NULL, NULL, NULL, NULL, NULL, NULL, NULL, NULL, NULL, NULL, NULL, NULL, NULL, NULL, NULL, NULL, NULL, NULL, NULL, '845365', '0', '1', '0', '0', '0', '2024-05-19 02:57:50', '2024-05-19 02:57:50', NULL, NULL, NULL);

--
-- Indexes for dumped tables
--

--
-- Indexes for table `admins`
--
ALTER TABLE `admins`
  ADD PRIMARY KEY (`id`),
  ADD UNIQUE KEY `admins_email_unique` (`email`),
  ADD KEY `admins_user_id_foreign` (`user_id`);

--
-- Indexes for table `countries`
--
ALTER TABLE `countries`
  ADD PRIMARY KEY (`id`);

--
-- Indexes for table `failed_jobs`
--
ALTER TABLE `failed_jobs`
  ADD PRIMARY KEY (`id`),
  ADD UNIQUE KEY `failed_jobs_uuid_unique` (`uuid`);

--
-- Indexes for table `friends`
--
ALTER TABLE `friends`
  ADD PRIMARY KEY (`id`),
  ADD KEY `friends_user_id_foreign` (`user_id`),
  ADD KEY `friends_friend_id_foreign` (`friend_id`),
  ADD KEY `friends_blocked_by_foreign` (`blocked_by`);

--
-- Indexes for table `languages`
--
ALTER TABLE `languages`
  ADD PRIMARY KEY (`id`);

--
-- Indexes for table `migrations`
--
ALTER TABLE `migrations`
  ADD PRIMARY KEY (`id`);

--
-- Indexes for table `password_reset_tokens`
--
ALTER TABLE `password_reset_tokens`
  ADD PRIMARY KEY (`email`);

--
-- Indexes for table `personal_access_tokens`
--
ALTER TABLE `personal_access_tokens`
  ADD PRIMARY KEY (`id`),
  ADD UNIQUE KEY `personal_access_tokens_token_unique` (`token`),
  ADD KEY `personal_access_tokens_tokenable_type_tokenable_id_index` (`tokenable_type`,`tokenable_id`);

--
-- Indexes for table `poll_options`
--
ALTER TABLE `poll_options`
  ADD PRIMARY KEY (`id`),
  ADD KEY `poll_options_question_id_foreign` (`question_id`);

--
-- Indexes for table `poll_questions`
--
ALTER TABLE `poll_questions`
  ADD PRIMARY KEY (`id`);

--
-- Indexes for table `poll_votes`
--
ALTER TABLE `poll_votes`
  ADD PRIMARY KEY (`id`),
  ADD KEY `poll_votes_question_id_foreign` (`question_id`),
  ADD KEY `poll_votes_option_id_foreign` (`option_id`);

--
-- Indexes for table `translations`
--
ALTER TABLE `translations`
  ADD PRIMARY KEY (`id`);

--
-- Indexes for table `users`
--
ALTER TABLE `users`
  ADD PRIMARY KEY (`id`),
  ADD UNIQUE KEY `users_email_unique` (`email`),
  ADD UNIQUE KEY `users_username_unique` (`username`);

--
-- AUTO_INCREMENT for dumped tables
--

--
-- AUTO_INCREMENT for table `admins`
--
ALTER TABLE `admins`
  MODIFY `id` bigint(20) UNSIGNED NOT NULL AUTO_INCREMENT, AUTO_INCREMENT=49;

--
-- AUTO_INCREMENT for table `countries`
--
ALTER TABLE `countries`
  MODIFY `id` bigint(20) UNSIGNED NOT NULL AUTO_INCREMENT, AUTO_INCREMENT=244;

--
-- AUTO_INCREMENT for table `failed_jobs`
--
ALTER TABLE `failed_jobs`
  MODIFY `id` bigint(20) UNSIGNED NOT NULL AUTO_INCREMENT;

--
-- AUTO_INCREMENT for table `friends`
--
ALTER TABLE `friends`
  MODIFY `id` bigint(20) UNSIGNED NOT NULL AUTO_INCREMENT, AUTO_INCREMENT=14;

--
-- AUTO_INCREMENT for table `languages`
--
ALTER TABLE `languages`
  MODIFY `id` bigint(20) UNSIGNED NOT NULL AUTO_INCREMENT, AUTO_INCREMENT=603;

--
-- AUTO_INCREMENT for table `migrations`
--
ALTER TABLE `migrations`
  MODIFY `id` int(10) UNSIGNED NOT NULL AUTO_INCREMENT, AUTO_INCREMENT=39;

--
-- AUTO_INCREMENT for table `personal_access_tokens`
--
ALTER TABLE `personal_access_tokens`
  MODIFY `id` bigint(20) UNSIGNED NOT NULL AUTO_INCREMENT;

--
-- AUTO_INCREMENT for table `poll_options`
--
ALTER TABLE `poll_options`
  MODIFY `id` bigint(20) UNSIGNED NOT NULL AUTO_INCREMENT, AUTO_INCREMENT=78;

--
-- AUTO_INCREMENT for table `poll_questions`
--
ALTER TABLE `poll_questions`
  MODIFY `id` bigint(20) UNSIGNED NOT NULL AUTO_INCREMENT, AUTO_INCREMENT=6;

--
-- AUTO_INCREMENT for table `poll_votes`
--
ALTER TABLE `poll_votes`
  MODIFY `id` bigint(20) UNSIGNED NOT NULL AUTO_INCREMENT, AUTO_INCREMENT=33;

--
-- AUTO_INCREMENT for table `translations`
--
ALTER TABLE `translations`
  MODIFY `id` bigint(20) UNSIGNED NOT NULL AUTO_INCREMENT, AUTO_INCREMENT=36;

--
-- AUTO_INCREMENT for table `users`
--
ALTER TABLE `users`
  MODIFY `id` bigint(20) UNSIGNED NOT NULL AUTO_INCREMENT, AUTO_INCREMENT=6;

--
-- Constraints for dumped tables
--

--
-- Constraints for table `admins`
--
ALTER TABLE `admins`
  ADD CONSTRAINT `admins_user_id_foreign` FOREIGN KEY (`user_id`) REFERENCES `users` (`id`) ON DELETE CASCADE;

--
-- Constraints for table `friends`
--
ALTER TABLE `friends`
  ADD CONSTRAINT `friends_blocked_by_foreign` FOREIGN KEY (`blocked_by`) REFERENCES `users` (`id`) ON DELETE CASCADE,
  ADD CONSTRAINT `friends_friend_id_foreign` FOREIGN KEY (`friend_id`) REFERENCES `users` (`id`) ON DELETE CASCADE,
  ADD CONSTRAINT `friends_user_id_foreign` FOREIGN KEY (`user_id`) REFERENCES `users` (`id`) ON DELETE CASCADE;

--
-- Constraints for table `poll_options`
--
ALTER TABLE `poll_options`
  ADD CONSTRAINT `poll_options_question_id_foreign` FOREIGN KEY (`question_id`) REFERENCES `poll_questions` (`id`) ON DELETE CASCADE;

--
-- Constraints for table `poll_votes`
--
ALTER TABLE `poll_votes`
  ADD CONSTRAINT `poll_votes_option_id_foreign` FOREIGN KEY (`option_id`) REFERENCES `poll_options` (`id`) ON DELETE CASCADE,
  ADD CONSTRAINT `poll_votes_question_id_foreign` FOREIGN KEY (`question_id`) REFERENCES `poll_questions` (`id`) ON DELETE CASCADE;
COMMIT;

/*!40101 SET CHARACTER_SET_CLIENT=@OLD_CHARACTER_SET_CLIENT */;
/*!40101 SET CHARACTER_SET_RESULTS=@OLD_CHARACTER_SET_RESULTS */;
/*!40101 SET COLLATION_CONNECTION=@OLD_COLLATION_CONNECTION */;
